{"IcoMoonType":"selection","icons":[{"icon":{"paths":["M985.064 533.296c11.758-11.762 11.758-30.831 0-42.592l-191.669-191.668c-11.764-11.762-30.834-11.762-42.592 0-11.764 11.762-11.764 30.831 0 42.593l170.37 170.371-170.37 170.371c-11.764 11.762-11.764 30.831 0 42.592 11.758 11.762 30.828 11.762 42.592 0l191.669-191.668zM0 542.118h963.765v-60.235h-963.765v60.235z"],"attrs":[],"isMulticolor":false,"isMulticolor2":false,"grid":0,"tags":["arrow"],"colorPermutations":{}},"attrs":[],"properties":{"order":65,"id":14,"name":"arrow","prevSize":32,"code":59648},"setIdx":0,"setId":4,"iconIdx":0},{"icon":{"paths":["M259.036 501.881c0 71.531-57.987 129.518-129.518 129.518s-129.518-57.987-129.518-129.518c0-71.531 57.987-129.518 129.518-129.518s129.518 57.987 129.518 129.518z","M626.037 501.881c0 71.531-57.987 129.518-129.518 129.518s-129.518-57.987-129.518-129.518c0-71.531 57.987-129.518 129.518-129.518s129.518 57.987 129.518 129.518z","M992.992 501.881c0 71.531-57.987 129.518-129.518 129.518s-129.518-57.987-129.518-129.518c0-71.531 57.987-129.518 129.518-129.518s129.518 57.987 129.518 129.518z"],"attrs":[],"isMulticolor":false,"isMulticolor2":false,"grid":0,"tags":["card-menu"],"colorPermutations":{}},"attrs":[],"properties":{"order":66,"id":13,"name":"card-menu","prevSize":32,"code":59649},"setIdx":0,"setId":4,"iconIdx":1},{"icon":{"paths":["M213.326 469.33l256 256 426.667-426.667"],"attrs":[{"fill":"none","strokeLinejoin":"round","strokeLinecap":"round","strokeMiterlimit":"4","strokeWidth":85.33325395348838}],"isMulticolor":false,"isMulticolor2":false,"grid":0,"tags":["complete"],"colorPermutations":{}},"attrs":[{"fill":"none","strokeLinejoin":"round","strokeLinecap":"round","strokeMiterlimit":"4","strokeWidth":85.33325395348838}],"properties":{"order":67,"id":12,"name":"complete","prevSize":32,"code":59650},"setIdx":0,"setId":4,"iconIdx":2},{"icon":{"paths":["M299.691 891.424l488.001-457.502-231.792-217.305-488.001 457.501c-6.718 6.306-11.491 14.2-13.811 22.843l-54.088 258.116 275.272-50.704c9.242-2.166 17.696-6.648 24.418-12.95zM945.231 286.229c19.692-18.464 30.752-43.504 30.752-69.612s-11.059-51.148-30.752-69.612l-83.283-78.080c-19.7-18.459-46.403-28.828-74.256-28.828-27.849 0-54.558 10.369-74.253 28.828l-83.285 78.080 231.794 217.305 83.283-78.080z"],"attrs":[],"isMulticolor":false,"isMulticolor2":false,"grid":0,"tags":["edit"],"colorPermutations":{}},"attrs":[],"properties":{"order":68,"id":11,"name":"edit","prevSize":32,"code":59651},"setIdx":0,"setId":4,"iconIdx":3},{"icon":{"paths":["M938.672 217.315c-38.115-78.222-147.917-142.222-275.629-104.96-61.029 17.628-114.275 55.432-151.040 107.236-36.765-51.803-90.011-89.608-151.040-107.236-128-36.693-237.511 26.738-275.626 104.96-53.476 109.512-31.289 232.676 65.991 366.081 76.231 104.391 185.174 210.204 343.325 333.084 4.998 3.899 11.155 6.012 17.493 6.012s12.496-2.114 17.494-6.012c157.866-122.595 267.093-227.555 343.322-333.084 96.995-133.405 119.186-256.569 65.712-366.081z"],"attrs":[],"isMulticolor":false,"isMulticolor2":false,"grid":0,"tags":["favourites"],"colorPermutations":{}},"attrs":[],"properties":{"order":69,"id":10,"name":"favourites","prevSize":32,"code":59652},"setIdx":0,"setId":4,"iconIdx":4},{"icon":{"paths":["M512 984.435c-7.071-0.026-13.937-2.387-19.523-6.726-177.949-138.33-300.528-257.453-386.302-374.97-109.458-150.18-134.422-288.833-74.252-412.115 42.887-88.059 166.107-160.107 310.13-118.159 68.669 19.845 128.58 62.403 169.948 120.721 41.367-58.318 101.279-100.876 169.946-120.721 143.706-41.308 267.245 30.1 310.131 118.159 60.173 123.282 35.206 261.935-74.253 412.115-85.773 117.517-208.352 236.64-386.301 374.97-5.587 4.339-12.452 6.701-19.523 6.726zM260.12 124.66c-34.269-1.334-68.255 6.694-98.309 23.224s-55.041 40.936-72.278 70.599c-49.608 101.828-27.205 215.183 68.491 346.151 101.699 131.245 220.785 248.019 353.977 347.11 133.171-98.995 252.256-215.661 353.978-346.79 96.013-131.288 118.099-244.643 68.493-346.151-32.006-64.042-128.026-114.957-234.918-84.856-34.278 10.134-66.054 27.337-93.284 50.5s-49.311 51.773-64.824 83.99c-2.411 5.873-6.513 10.897-11.784 14.431s-11.474 5.423-17.82 5.423c-6.346 0-12.549-1.887-17.82-5.423s-9.373-8.558-11.784-14.431c-15.395-32.297-37.439-60.974-64.686-84.152s-59.083-40.332-93.42-50.338c-20.804-6.045-42.347-9.171-64.010-9.286z"],"attrs":[],"isMulticolor":false,"isMulticolor2":false,"grid":0,"tags":["favourites-none"],"colorPermutations":{}},"attrs":[],"properties":{"order":70,"id":9,"name":"favourites-none","prevSize":32,"code":59653},"setIdx":0,"setId":4,"iconIdx":5},{"icon":{"paths":["M512 0c139.11 0 156.467 0.512 211.046 3.072 54.528 2.56 91.648 11.11 124.314 23.808 33.792 13.005 62.259 30.618 90.726 59.034 26.035 25.595 46.182 56.555 59.034 90.726 12.646 32.614 21.248 69.786 23.808 124.314 2.406 54.579 3.072 71.936 3.072 211.046s-0.512 156.467-3.072 211.046c-2.56 54.528-11.162 91.648-23.808 124.314-12.815 34.191-32.968 65.157-59.034 90.726-25.6 26.025-56.561 46.172-90.726 59.034-32.614 12.646-69.786 21.248-124.314 23.808-54.579 2.406-71.936 3.072-211.046 3.072s-156.467-0.512-211.046-3.072c-54.528-2.56-91.648-11.162-124.314-23.808-34.185-12.826-65.15-32.978-90.726-59.034-26.040-25.59-46.186-56.55-59.034-90.726-12.698-32.614-21.248-69.786-23.808-124.314-2.406-54.579-3.072-71.936-3.072-211.046s0.512-156.467 3.072-211.046c2.56-54.579 11.11-91.648 23.808-124.314 12.812-34.192 32.963-65.161 59.034-90.726 25.583-26.049 56.547-46.196 90.726-59.034 32.666-12.698 69.734-21.248 124.314-23.808 54.579-2.406 71.936-3.072 211.046-3.072zM512 256c-67.895 0-133.010 26.971-181.019 74.981s-74.981 113.124-74.981 181.019c0 67.896 26.971 133.012 74.981 181.018 48.009 48.010 113.124 74.982 181.019 74.982 67.896 0 133.012-26.972 181.018-74.982 48.010-48.005 74.982-113.121 74.982-181.018 0-67.895-26.972-133.010-74.982-181.019-48.005-48.010-113.121-74.981-181.018-74.981zM844.8 243.2c0-16.974-6.743-33.252-18.744-45.255s-28.283-18.745-45.256-18.745c-16.973 0-33.254 6.743-45.256 18.745s-18.744 28.281-18.744 45.255c0 16.974 6.743 33.252 18.744 45.255s28.283 18.745 45.256 18.745c16.973 0 33.254-6.743 45.256-18.745s18.744-28.281 18.744-45.255zM512 358.4c40.735 0 79.805 16.183 108.611 44.988s44.989 67.874 44.989 108.612c0 40.735-16.184 79.805-44.989 108.611s-67.876 44.989-108.611 44.989c-40.737 0-79.806-16.184-108.612-44.989s-44.988-67.876-44.988-108.611c0-40.737 16.183-79.806 44.988-108.612s67.874-44.988 108.612-44.988z"],"attrs":[],"isMulticolor":false,"isMulticolor2":false,"grid":0,"tags":["footer-icon-inst"],"colorPermutations":{}},"attrs":[],"properties":{"order":71,"id":8,"name":"footer-icon-inst","prevSize":32,"code":59654},"setIdx":0,"setId":4,"iconIdx":6},{"icon":{"paths":["M473.020 51.677l-173.807 289.656h425.574l-173.875-289.656 58.71-35.089 194.765 324.745h171.625c26.484 0 47.988 21.504 47.988 47.991v29.97c0 200.96-46.787 399.16-136.67 578.902-3.881 7.754-9.844 14.28-17.224 18.842-7.379 4.552-15.882 6.963-24.556 6.963h-667.102c-8.679-0.009-17.184-2.439-24.562-7.010s-13.34-11.096-17.217-18.86c-89.879-179.745-136.671-377.944-136.67-578.905l0-29.901c0-26.487 21.504-47.991 47.991-47.991h171.622l194.765-324.745 58.642 35.089z"],"attrs":[],"isMulticolor":false,"isMulticolor2":false,"grid":0,"tags":["header-icon-cart"],"colorPermutations":{}},"attrs":[],"properties":{"order":72,"id":7,"name":"header-icon-cart","prevSize":32,"code":59655},"setIdx":0,"setId":4,"iconIdx":7},{"icon":{"paths":["M511.573 85.333c-235.52 0-426.24 191.147-426.24 426.667s190.72 426.667 426.24 426.667c235.947 0 427.093-191.147 427.093-426.667s-191.147-426.667-427.093-426.667zM682.667 682.667c-3.947 3.953-8.636 7.093-13.797 9.236-5.162 2.137-10.695 3.243-16.283 3.243s-11.121-1.106-16.282-3.243c-5.162-2.144-9.85-5.284-13.797-9.236l-140.373-140.373c-4.031-3.951-7.239-8.664-9.436-13.864s-3.341-10.785-3.364-16.43v-170.667c0-23.467 19.2-42.667 42.667-42.667s42.667 19.2 42.667 42.667v153.173l128 128c16.637 16.64 16.637 43.52 0 60.16z"],"attrs":[],"isMulticolor":false,"isMulticolor2":false,"grid":0,